"CUSTOMER_CODE","FIRSTNAME","LASTNAME"
"CUST0000000074","FIRST74","LAST74"
"CUST0000000142","FIRST142","LAST142"
"CUST0000000393","FIRST393","LAST393"
"CUST0000001084","FIRST1084","LAST1084"
"CUST0000001091","FIRST1091","LAST1091"
"CUST0000001423","FIRST1423","LAST1423"
"CUST0000001968","FIRST1968","LAST1968"
"CUST0000002010","FIRST2010","LAST2010"
"CUST0000002252","FIRST2252","LAST2252"
"CUST0000002319","FIRST2319","LAST2319"
"CUST0000002736","FIRST2736","LAST2736"
"CUST0000003510","FIRST3510","LAST3510"
"CUST0000003957","FIRST3957","LAST3957"
"CUST0000004138","FIRST4138","LAST4138"
"CUST0000004242","FIRST4242","LAST4242"
"CUST0000005890","FIRST5890","LAST5890"
"CUST0000005952","FIRST5952","LAST5952"
"CUST0000006336","FIRST6336","LAST6336"
"CUST0000007618","FIRST7618","LAST7618"
"CUST0000007843","FIRST7843","LAST7843"
"CUST0000008046","FIRST8046","LAST8046"
"CUST0000008600","FIRST8600","LAST8600"
"CUST0000008932","FIRST8932","LAST8932"
"CUST0000009141","FIRST9141","LAST9141"
"CUST0000009290","FIRST9290","LAST9290"
"CUST0000009959","FIRST9959","LAST9959"
"CUST0000010042","FIRST10042","LAST10042"
"CUST0000010604","FIRST10604","LAST10604"
"CUST0000010689","FIRST10689","LAST10689"
"CUST0000010882","FIRST10882","LAST10882"
"CUST0000011341","FIRST11341","LAST11341"
"CUST0000011424","FIRST11424","LAST11424"
"CUST0000011820","FIRST11820","LAST11820"
"CUST0000011875","FIRST11875","LAST11875"
"CUST0000012291","FIRST12291","LAST12291"
"CUST0000012853","FIRST12853","LAST12853"
"CUST0000013049","FIRST13049","LAST13049"
"CUST0000013166","FIRST13166","LAST13166"
"CUST0000013559","FIRST13559","LAST13559"
"CUST0000013585","FIRST13585","LAST13585"
"CUST0000013623","FIRST13623","LAST13623"
"CUST0000013681","FIRST13681","LAST13681"
"CUST0000013972","FIRST13972","LAST13972"
"CUST0000014488","FIRST14488","LAST14488"
"CUST0000015093","FIRST15093","LAST15093"
"CUST0000016317","FIRST16317","LAST16317"
"CUST0000016490","FIRST16490","LAST16490"
"CUST0000016560","FIRST16560","LAST16560"
"CUST0000017118","FIRST17118","LAST17118"
"CUST0000017170","FIRST17170","LAST17170"
"CUST0000017439","FIRST17439","LAST17439"
"CUST0000018060","FIRST18060","LAST18060"
"CUST0000018358","FIRST18358","LAST18358"
"CUST0000019170","FIRST19170","LAST19170"
"CUST0000020720","FIRST20720","LAST20720"
"CUST0000020900","FIRST20900","LAST20900"
"CUST0000021889","FIRST21889","LAST21889"
"CUST0000021930","FIRST21930","LAST21930"
"CUST0000022438","FIRST22438","LAST22438"
"CUST0000022491","FIRST22491","LAST22491"
"CUST0000022957","FIRST22957","LAST22957"
"CUST0000023197","FIRST23197","LAST23197"
"CUST0000023976","FIRST23976","LAST23976"
"CUST0000024690","FIRST24690","LAST24690"
"CUST0000025665","FIRST25665","LAST25665"
"CUST0000025674","FIRST25674","LAST25674"
"CUST0000025704","FIRST25704","LAST25704"
"CUST0000025768","FIRST25768","LAST25768"
"CUST0000026159","FIRST26159","LAST26159"
"CUST0000026215","FIRST26215","LAST26215"
"CUST0000026374","FIRST26374","LAST26374"
"CUST0000027780","FIRST27780","LAST27780"
"CUST0000029882","FIRST29882","LAST29882"
"CUST0000030062","FIRST30062","LAST30062"
"CUST0000030351","FIRST30351","LAST30351"
"CUST0000030469","FIRST30469","LAST30469"
"CUST0000031536","FIRST31536","LAST31536"
"CUST0000033583","FIRST33583","LAST33583"
"CUST0000034268","FIRST34268","LAST34268"
"CUST0000035587","FIRST35587","LAST35587"
"CUST0000035675","FIRST35675","LAST35675"
"CUST0000036427","FIRST36427","LAST36427"
"CUST0000036668","FIRST36668","LAST36668"
"CUST0000037028","FIRST37028","LAST37028"
"CUST0000037523","FIRST37523","LAST37523"
"CUST0000038494","FIRST38494","LAST38494"
"CUST0000039651","FIRST39651","LAST39651"
"CUST0000040383","FIRST40383","LAST40383"
"CUST0000040572","FIRST40572","LAST40572"
"CUST0000040791","FIRST40791","LAST40791"
"CUST0000041556","FIRST41556","LAST41556"
"CUST0000043713","FIRST43713","LAST43713"
"CUST0000044100","FIRST44100","LAST44100"
"CUST0000044951","FIRST44951","LAST44951"
"CUST0000045086","FIRST45086","LAST45086"
"CUST0000046061","FIRST46061","LAST46061"
"CUST0000046190","FIRST46190","LAST46190"
"CUST0000046526","FIRST46526","LAST46526"
"CUST0000046638","FIRST46638","LAST46638"
"CUST0000047495","FIRST47495","LAST47495"
"CUST0000047620","FIRST47620","LAST47620"
"CUST0000048656","FIRST48656","LAST48656"
"CUST0000048878","FIRST48878","LAST48878"
"CUST0000049058","FIRST49058","LAST49058"
"CUST0000049491","FIRST49491","LAST49491"
"CUST0000049586","FIRST49586","LAST49586"
"CUST0000049651","FIRST49651","LAST49651"
"CUST0000049902","FIRST49902","LAST49902"
"CUST0000049927","FIRST49927","LAST49927"
"CUST0000050268","FIRST50268","LAST50268"
"CUST0000050956","FIRST50956","LAST50956"
"CUST0000051003","FIRST51003","LAST51003"
"CUST0000051071","FIRST51071","LAST51071"
"CUST0000051517","FIRST51517","LAST51517"
"CUST0000051727","FIRST51727","LAST51727"
"CUST0000052076","FIRST52076","LAST52076"
"CUST0000052520","FIRST52520","LAST52520"
"CUST0000052594","FIRST52594","LAST52594"
"CUST0000053273","FIRST53273","LAST53273"
"CUST0000053413","FIRST53413","LAST53413"
"CUST0000053894","FIRST53894","LAST53894"
"CUST0000054582","FIRST54582","LAST54582"
"CUST0000054916","FIRST54916","LAST54916"
"CUST0000055276","FIRST55276","LAST55276"
"CUST0000055535","FIRST55535","LAST55535"
"CUST0000055594","FIRST55594","LAST55594"
"CUST0000056045","FIRST56045","LAST56045"
"CUST0000056185","FIRST56185","LAST56185"
"CUST0000056440","FIRST56440","LAST56440"
"CUST0000056457","FIRST56457","LAST56457"
"CUST0000057038","FIRST57038","LAST57038"
"CUST0000058194","FIRST58194","LAST58194"
"CUST0000060187","FIRST60187","LAST60187"
"CUST0000061418","FIRST61418","LAST61418"
"CUST0000061459","FIRST61459","LAST61459"
"CUST0000062100","FIRST62100","LAST62100"
"CUST0000062201","FIRST62201","LAST62201"
"CUST0000062598","FIRST62598","LAST62598"
"CUST0000062814","FIRST62814","LAST62814"
"CUST0000063347","FIRST63347","LAST63347"
"CUST0000063655","FIRST63655","LAST63655"
"CUST0000064613","FIRST64613","LAST64613"
"CUST0000064703","FIRST64703","LAST64703"
"CUST0000064717","FIRST64717","LAST64717"
"CUST0000065391","FIRST65391","LAST65391"
"CUST0000066721","FIRST66721","LAST66721"
"CUST0000067589","FIRST67589","LAST67589"
"CUST0000067824","FIRST67824","LAST67824"
"CUST0000068519","FIRST68519","LAST68519"
"CUST0000068655","FIRST68655","LAST68655"
"CUST0000069385","FIRST69385","LAST69385"
"CUST0000069958","FIRST69958","LAST69958"
"CUST0000071896","FIRST71896","LAST71896"
"CUST0000072019","FIRST72019","LAST72019"
"CUST0000072192","FIRST72192","LAST72192"
"CUST0000072717","FIRST72717","LAST72717"
"CUST0000072762","FIRST72762","LAST72762"
"CUST0000072942","FIRST72942","LAST72942"
"CUST0000073087","FIRST73087","LAST73087"
"CUST0000073565","FIRST73565","LAST73565"
"CUST0000073751","FIRST73751","LAST73751"
"CUST0000074796","FIRST74796","LAST74796"
"CUST0000075488","FIRST75488","LAST75488"
"CUST0000076359","FIRST76359","LAST76359"
"CUST0000077125","FIRST77125","LAST77125"
"CUST0000077279","FIRST77279","LAST77279"
"CUST0000077380","FIRST77380","LAST77380"
"CUST0000079176","FIRST79176","LAST79176"
"CUST0000079921","FIRST79921","LAST79921"
"CUST0000080289","FIRST80289","LAST80289"
"CUST0000081191","FIRST81191","LAST81191"
"CUST0000081507","FIRST81507","LAST81507"
"CUST0000083356","FIRST83356","LAST83356"
"CUST0000083584","FIRST83584","LAST83584"
"CUST0000085502","FIRST85502","LAST85502"
"CUST0000085651","FIRST85651","LAST85651"
"CUST0000087474","FIRST87474","LAST87474"
"CUST0000088029","FIRST88029","LAST88029"
"CUST0000088160","FIRST88160","LAST88160"
"CUST0000088949","FIRST88949","LAST88949"
"CUST0000089166","FIRST89166","LAST89166"
"CUST0000091677","FIRST91677","LAST91677"
"CUST0000092350","FIRST92350","LAST92350"
"CUST0000092380","FIRST92380","LAST92380"
"CUST0000092580","FIRST92580","LAST92580"
"CUST0000093571","FIRST93571","LAST93571"
"CUST0000094028","FIRST94028","LAST94028"
"CUST0000094897","FIRST94897","LAST94897"
"CUST0000095050","FIRST95050","LAST95050"
"CUST0000096001","FIRST96001","LAST96001"
"CUST0000096156","FIRST96156","LAST96156"
"CUST0000096386","FIRST96386","LAST96386"
"CUST0000096604","FIRST96604","LAST96604"
"CUST0000096901","FIRST96901","LAST96901"
"CUST0000097839","FIRST97839","LAST97839"
"CUST0000098866","FIRST98866","LAST98866"
"CUST0000099033","FIRST99033","LAST99033"
"CUST0000099199","FIRST99199","LAST99199"
"CUST0000099431","FIRST99431","LAST99431"
"CUST0000100169","FIRST100169","LAST100169"
"CUST0000100328","FIRST100328","LAST100328"
"CUST0000100744","FIRST100744","LAST100744"
"CUST0000101403","FIRST101403","LAST101403"
"CUST0000102992","FIRST102992","LAST102992"
"CUST0000103580","FIRST103580","LAST103580"
"CUST0000104099","FIRST104099","LAST104099"
"CUST0000104227","FIRST104227","LAST104227"
"CUST0000105149","FIRST105149","LAST105149"
"CUST0000105158","FIRST105158","LAST105158"
"CUST0000105172","FIRST105172","LAST105172"
"CUST0000105517","FIRST105517","LAST105517"
"CUST0000105653","FIRST105653","LAST105653"
"CUST0000106029","FIRST106029","LAST106029"
"CUST0000107632","FIRST107632","LAST107632"
"CUST0000108880","FIRST108880","LAST108880"
"CUST0000109036","FIRST109036","LAST109036"
"CUST0000109403","FIRST109403","LAST109403"
"CUST0000109524","FIRST109524","LAST109524"
"CUST0000109535","FIRST109535","LAST109535"
"CUST0000110093","FIRST110093","LAST110093"
"CUST0000110466","FIRST110466","LAST110466"
"CUST0000111156","FIRST111156","LAST111156"
"CUST0000111373","FIRST111373","LAST111373"
"CUST0000112368","FIRST112368","LAST112368"
"CUST0000112610","FIRST112610","LAST112610"
"CUST0000112868","FIRST112868","LAST112868"
"CUST0000112911","FIRST112911","LAST112911"
"CUST0000113647","FIRST113647","LAST113647"
"CUST0000114548","FIRST114548","LAST114548"
"CUST0000114711","FIRST114711","LAST114711"
"CUST0000115007","FIRST115007","LAST115007"
"CUST0000115052","FIRST115052","LAST115052"
"CUST0000115511","FIRST115511","LAST115511"
"CUST0000117735","FIRST117735","LAST117735"
"CUST0000118172","FIRST118172","LAST118172"
"CUST0000118526","FIRST118526","LAST118526"
"CUST0000119000","FIRST119000","LAST119000"
"CUST0000120417","FIRST120417","LAST120417"
"CUST0000120701","FIRST120701","LAST120701"
"CUST0000121565","FIRST121565","LAST121565"
"CUST0000122562","FIRST122562","LAST122562"
"CUST0000122628","FIRST122628","LAST122628"
"CUST0000122896","FIRST122896","LAST122896"
"CUST0000123098","FIRST123098","LAST123098"
"CUST0000123364","FIRST123364","LAST123364"
"CUST0000124099","FIRST124099","LAST124099"
"CUST0000124143","FIRST124143","LAST124143"
"CUST0000124740","FIRST124740","LAST124740"
"CUST0000125797","FIRST125797","LAST125797"
"CUST0000126322","FIRST126322","LAST126322"
"CUST0000126396","FIRST126396","LAST126396"
"CUST0000127503","FIRST127503","LAST127503"
"CUST0000127792","FIRST127792","LAST127792"
"CUST0000128020","FIRST128020","LAST128020"
"CUST0000128099","FIRST128099","LAST128099"
"CUST0000128213","FIRST128213","LAST128213"
"CUST0000128907","FIRST128907","LAST128907"
"CUST0000129504","FIRST129504","LAST129504"
"CUST0000129918","FIRST129918","LAST129918"
"CUST0000131971","FIRST131971","LAST131971"
"CUST0000132215","FIRST132215","LAST132215"
"CUST0000132882","FIRST132882","LAST132882"
"CUST0000133165","FIRST133165","LAST133165"
"CUST0000133731","FIRST133731","LAST133731"
"CUST0000133799","FIRST133799","LAST133799"
"CUST0000134111","FIRST134111","LAST134111"
"CUST0000134564","FIRST134564","LAST134564"
"CUST0000135864","FIRST135864","LAST135864"
"CUST0000136141","FIRST136141","LAST136141"
"CUST0000137034","FIRST137034","LAST137034"
"CUST0000137064","FIRST137064","LAST137064"
"CUST0000137173","FIRST137173","LAST137173"
"CUST0000137772","FIRST137772","LAST137772"
"CUST0000138042","FIRST138042","LAST138042"
"CUST0000138440","FIRST138440","LAST138440"
"CUST0000138565","FIRST138565","LAST138565"
"CUST0000139938","FIRST139938","LAST139938"
"CUST0000140130","FIRST140130","LAST140130"
"CUST0000140144","FIRST140144","LAST140144"
"CUST0000140204","FIRST140204","LAST140204"
"CUST0000140429","FIRST140429","LAST140429"
"CUST0000140474","FIRST140474","LAST140474"
"CUST0000140725","FIRST140725","LAST140725"
"CUST0000140904","FIRST140904","LAST140904"
"CUST0000142840","FIRST142840","LAST142840"
"CUST0000143004","FIRST143004","LAST143004"
"CUST0000143007","FIRST143007","LAST143007"
"CUST0000143434","FIRST143434","LAST143434"
"CUST0000143895","FIRST143895","LAST143895"
"CUST0000145368","FIRST145368","LAST145368"
"CUST0000146342","FIRST146342","LAST146342"
"CUST0000146525","FIRST146525","LAST146525"
"CUST0000147447","FIRST147447","LAST147447"
"CUST0000147558","FIRST147558","LAST147558"
"CUST0000148513","FIRST148513","LAST148513"
"CUST0000148637","FIRST148637","LAST148637"
"CUST0000148951","FIRST148951","LAST148951"
"CUST0000149271","FIRST149271","LAST149271"
"CUST0000149717","FIRST149717","LAST149717"
"CUST0000149883","FIRST149883","LAST149883"
"CUST0000149962","FIRST149962","LAST149962"
"CUST0000151371","FIRST151371","LAST151371"
"CUST0000151696","FIRST151696","LAST151696"
"CUST0000151710","FIRST151710","LAST151710"
"CUST0000152351","FIRST152351","LAST152351"
"CUST0000153040","FIRST153040","LAST153040"
"CUST0000153138","FIRST153138","LAST153138"
"CUST0000153357","FIRST153357","LAST153357"
"CUST0000153431","FIRST153431","LAST153431"
"CUST0000154100","FIRST154100","LAST154100"
"CUST0000154506","FIRST154506","LAST154506"
"CUST0000155274","FIRST155274","LAST155274"
"CUST0000155828","FIRST155828","LAST155828"
"CUST0000155889","FIRST155889","LAST155889"
"CUST0000156154","FIRST156154","LAST156154"
"CUST0000157899","FIRST157899","LAST157899"
"CUST0000157989","FIRST157989","LAST157989"
"CUST0000158811","FIRST158811","LAST158811"
"CUST0000158840","FIRST158840","LAST158840"
"CUST0000160163","FIRST160163","LAST160163"
"CUST0000160253","FIRST160253","LAST160253"
"CUST0000160324","FIRST160324","LAST160324"
"CUST0000160450","FIRST160450","LAST160450"
"CUST0000160494","FIRST160494","LAST160494"
"CUST0000161064","FIRST161064","LAST161064"
"CUST0000161219","FIRST161219","LAST161219"
"CUST0000161807","FIRST161807","LAST161807"
"CUST0000162302","FIRST162302","LAST162302"
"CUST0000163131","FIRST163131","LAST163131"
"CUST0000163414","FIRST163414","LAST163414"
"CUST0000163761","FIRST163761","LAST163761"
"CUST0000163808","FIRST163808","LAST163808"
"CUST0000164224","FIRST164224","LAST164224"
"CUST0000164657","FIRST164657","LAST164657"
"CUST0000165049","FIRST165049","LAST165049"
"CUST0000165983","FIRST165983","LAST165983"
"CUST0000166433","FIRST166433","LAST166433"
"CUST0000167435","FIRST167435","LAST167435"
"CUST0000167712","FIRST167712","LAST167712"
"CUST0000168083","FIRST168083","LAST168083"
"CUST0000168106","FIRST168106","LAST168106"
"CUST0000168344","FIRST168344","LAST168344"
"CUST0000168516","FIRST168516","LAST168516"
"CUST0000169063","FIRST169063","LAST169063"
"CUST0000171282","FIRST171282","LAST171282"
"CUST0000171944","FIRST171944","LAST171944"
"CUST0000173126","FIRST173126","LAST173126"
"CUST0000173395","FIRST173395","LAST173395"
"CUST0000173541","FIRST173541","LAST173541"
"CUST0000174307","FIRST174307","LAST174307"
"CUST0000174365","FIRST174365","LAST174365"
"CUST0000174482","FIRST174482","LAST174482"
"CUST0000174665","FIRST174665","LAST174665"
"CUST0000175520","FIRST175520","LAST175520"
"CUST0000175968","FIRST175968","LAST175968"
"CUST0000176283","FIRST176283","LAST176283"
"CUST0000176377","FIRST176377","LAST176377"
"CUST0000176473","FIRST176473","LAST176473"
"CUST0000177439","FIRST177439","LAST177439"
"CUST0000177989","FIRST177989","LAST177989"
"CUST0000178211","FIRST178211","LAST178211"
"CUST0000178533","FIRST178533","LAST178533"
"CUST0000178729","FIRST178729","LAST178729"
"CUST0000179175","FIRST179175","LAST179175"
"CUST0000179766","FIRST179766","LAST179766"
"CUST0000179890","FIRST179890","LAST179890"
"CUST0000180404","FIRST180404","LAST180404"
"CUST0000182315","FIRST182315","LAST182315"
"CUST0000182537","FIRST182537","LAST182537"
"CUST0000183306","FIRST183306","LAST183306"
"CUST0000183427","FIRST183427","LAST183427"
"CUST0000183481","FIRST183481","LAST183481"
"CUST0000183567","FIRST183567","LAST183567"
"CUST0000184063","FIRST184063","LAST184063"
"CUST0000184085","FIRST184085","LAST184085"
"CUST0000184562","FIRST184562","LAST184562"
"CUST0000185312","FIRST185312","LAST185312"
"CUST0000185712","FIRST185712","LAST185712"
"CUST0000186405","FIRST186405","LAST186405"
"CUST0000186479","FIRST186479","LAST186479"
"CUST0000186569","FIRST186569","LAST186569"
"CUST0000187245","FIRST187245","LAST187245"
"CUST0000187801","FIRST187801","LAST187801"
"CUST0000188226","FIRST188226","LAST188226"
"CUST0000188582","FIRST188582","LAST188582"
"CUST0000188747","FIRST188747","LAST188747"
"CUST0000188932","FIRST188932","LAST188932"
"CUST0000189418","FIRST189418","LAST189418"
"CUST0000189934","FIRST189934","LAST189934"
"CUST0000189940","FIRST189940","LAST189940"
"CUST0000191204","FIRST191204","LAST191204"
"CUST0000191608","FIRST191608","LAST191608"
"CUST0000191799","FIRST191799","LAST191799"
"CUST0000193236","FIRST193236","LAST193236"
"CUST0000193673","FIRST193673","LAST193673"
"CUST0000194992","FIRST194992","LAST194992"
"CUST0000195286","FIRST195286","LAST195286"
"CUST0000195407","FIRST195407","LAST195407"
"CUST0000196479","FIRST196479","LAST196479"
"CUST0000197218","FIRST197218","LAST197218"
"CUST0000197220","FIRST197220","LAST197220"
"CUST0000198723","FIRST198723","LAST198723"
"CUST0000198765","FIRST198765","LAST198765"
"CUST0000199217","FIRST199217","LAST199217"
"CUST0000199579","FIRST199579","LAST199579"
"CUST0000199727","FIRST199727","LAST199727"
"CUST0000200184","FIRST200184","LAST200184"
"CUST0000200368","FIRST200368","LAST200368"
"CUST0000200986","FIRST200986","LAST200986"
"CUST0000201126","FIRST201126","LAST201126"
"CUST0000201193","FIRST201193","LAST201193"
"CUST0000201987","FIRST201987","LAST201987"
"CUST0000202682","FIRST202682","LAST202682"
"CUST0000202796","FIRST202796","LAST202796"
"CUST0000205149","FIRST205149","LAST205149"
"CUST0000205339","FIRST205339","LAST205339"
"CUST0000206317","FIRST206317","LAST206317"
"CUST0000206634","FIRST206634","LAST206634"
"CUST0000206847","FIRST206847","LAST206847"
"CUST0000206977","FIRST206977","LAST206977"
"CUST0000207181","FIRST207181","LAST207181"
"CUST0000207246","FIRST207246","LAST207246"
"CUST0000207764","FIRST207764","LAST207764"
"CUST0000208203","FIRST208203","LAST208203"
"CUST0000208259","FIRST208259","LAST208259"
"CUST0000209552","FIRST209552","LAST209552"
"CUST0000209708","FIRST209708","LAST209708"
"CUST0000210162","FIRST210162","LAST210162"
"CUST0000211688","FIRST211688","LAST211688"
"CUST0000211780","FIRST211780","LAST211780"
"CUST0000212542","FIRST212542","LAST212542"
"CUST0000213332","FIRST213332","LAST213332"
"CUST0000213473","FIRST213473","LAST213473"
"CUST0000216329","FIRST216329","LAST216329"
"CUST0000216705","FIRST216705","LAST216705"
"CUST0000216793","FIRST216793","LAST216793"
"CUST0000216853","FIRST216853","LAST216853"
"CUST0000216952","FIRST216952","LAST216952"
"CUST0000217232","FIRST217232","LAST217232"
"CUST0000218265","FIRST218265","LAST218265"
"CUST0000218423","FIRST218423","LAST218423"
"CUST0000218448","FIRST218448","LAST218448"
"CUST0000218641","FIRST218641","LAST218641"
"CUST0000218814","FIRST218814","LAST218814"
"CUST0000218887","FIRST218887","LAST218887"
"CUST0000219927","FIRST219927","LAST219927"
"CUST0000219952","FIRST219952","LAST219952"
"CUST0000220062","FIRST220062","LAST220062"
"CUST0000221524","FIRST221524","LAST221524"
"CUST0000221616","FIRST221616","LAST221616"
"CUST0000221744","FIRST221744","LAST221744"
"CUST0000223289","FIRST223289","LAST223289"
"CUST0000223523","FIRST223523","LAST223523"
"CUST0000223551","FIRST223551","LAST223551"
"CUST0000224718","FIRST224718","LAST224718"
"CUST0000225244","FIRST225244","LAST225244"
"CUST0000225390","FIRST225390","LAST225390"
"CUST0000225455","FIRST225455","LAST225455"
"CUST0000225606","FIRST225606","LAST225606"
"CUST0000226966","FIRST226966","LAST226966"
"CUST0000228010","FIRST228010","LAST228010"
"CUST0000228771","FIRST228771","LAST228771"
"CUST0000228965","FIRST228965","LAST228965"
"CUST0000229340","FIRST229340","LAST229340"
"CUST0000230546","FIRST230546","LAST230546"
"CUST0000230662","FIRST230662","LAST230662"
"CUST0000230876","FIRST230876","LAST230876"
"CUST0000231637","FIRST231637","LAST231637"
"CUST0000231918","FIRST231918","LAST231918"
"CUST0000232214","FIRST232214","LAST232214"
"CUST0000232798","FIRST232798","LAST232798"
"CUST0000232988","FIRST232988","LAST232988"
"CUST0000233670","FIRST233670","LAST233670"
"CUST0000234147","FIRST234147","LAST234147"
"CUST0000234250","FIRST234250","LAST234250"
"CUST0000235064","FIRST235064","LAST235064"
"CUST0000235172","FIRST235172","LAST235172"
"CUST0000235651","FIRST235651","LAST235651"
"CUST0000236010","FIRST236010","LAST236010"
"CUST0000236320","FIRST236320","LAST236320"
"CUST0000236538","FIRST236538","LAST236538"
"CUST0000236566","FIRST236566","LAST236566"
"CUST0000236853","FIRST236853","LAST236853"
"CUST0000238670","FIRST238670","LAST238670"
"CUST0000238803","FIRST238803","LAST238803"
"CUST0000239276","FIRST239276","LAST239276"
"CUST0000240127","FIRST240127","LAST240127"
"CUST0000240240","FIRST240240","LAST240240"
"CUST0000240576","FIRST240576","LAST240576"
"CUST0000240954","FIRST240954","LAST240954"
"CUST0000241202","FIRST241202","LAST241202"
"CUST0000241418","FIRST241418","LAST241418"
"CUST0000241565","FIRST241565","LAST241565"
"CUST0000244428","FIRST244428","LAST244428"
"CUST0000245022","FIRST245022","LAST245022"
"CUST0000245108","FIRST245108","LAST245108"
"CUST0000245204","FIRST245204","LAST245204"
"CUST0000245559","FIRST245559","LAST245559"
"CUST0000245957","FIRST245957","LAST245957"
"CUST0000246223","FIRST246223","LAST246223"
"CUST0000246414","FIRST246414","LAST246414"
"CUST0000246530","FIRST246530","LAST246530"
"CUST0000246793","FIRST246793","LAST246793"
"CUST0000248503","FIRST248503","LAST248503"
"CUST0000248758","FIRST248758","LAST248758"
"CUST0000250129","FIRST250129","LAST250129"
"CUST0000250392","FIRST250392","LAST250392"
"CUST0000251013","FIRST251013","LAST251013"
"CUST0000254146","FIRST254146","LAST254146"
"CUST0000254774","FIRST254774","LAST254774"
"CUST0000255621","FIRST255621","LAST255621"
"CUST0000256511","FIRST256511","LAST256511"
"CUST0000257000","FIRST257000","LAST257000"
"CUST0000258055","FIRST258055","LAST258055"
"CUST0000258287","FIRST258287","LAST258287"
"CUST0000258357","FIRST258357","LAST258357"
"CUST0000259633","FIRST259633","LAST259633"
"CUST0000259785","FIRST259785","LAST259785"
"CUST0000260730","FIRST260730","LAST260730"
"CUST0000260743","FIRST260743","LAST260743"
"CUST0000260751","FIRST260751","LAST260751"
"CUST0000261220","FIRST261220","LAST261220"
"CUST0000261311","FIRST261311","LAST261311"
"CUST0000262834","FIRST262834","LAST262834"
"CUST0000262971","FIRST262971","LAST262971"
"CUST0000263476","FIRST263476","LAST263476"
"CUST0000263795","FIRST263795","LAST263795"
"CUST0000263817","FIRST263817","LAST263817"
"CUST0000264934","FIRST264934","LAST264934"
"CUST0000265423","FIRST265423","LAST265423"
"CUST0000266202","FIRST266202","LAST266202"
"CUST0000266306","FIRST266306","LAST266306"
"CUST0000266563","FIRST266563","LAST266563"
"CUST0000267542","FIRST267542","LAST267542"
"CUST0000269146","FIRST269146","LAST269146"
"CUST0000269721","FIRST269721","LAST269721"
"CUST0000269987","FIRST269987","LAST269987"
"CUST0000270970","FIRST270970","LAST270970"
"CUST0000271875","FIRST271875","LAST271875"
"CUST0000272324","FIRST272324","LAST272324"
"CUST0000272493","FIRST272493","LAST272493"
"CUST0000272654","FIRST272654","LAST272654"
"CUST0000272656","FIRST272656","LAST272656"
"CUST0000272767","FIRST272767","LAST272767"
"CUST0000273531","FIRST273531","LAST273531"
"CUST0000274144","FIRST274144","LAST274144"
"CUST0000275328","FIRST275328","LAST275328"
"CUST0000276076","FIRST276076","LAST276076"
"CUST0000276590","FIRST276590","LAST276590"
"CUST0000276845","FIRST276845","LAST276845"
"CUST0000277935","FIRST277935","LAST277935"
"CUST0000278411","FIRST278411","LAST278411"
"CUST0000278540","FIRST278540","LAST278540"
"CUST0000278882","FIRST278882","LAST278882"
"CUST0000280112","FIRST280112","LAST280112"
"CUST0000281264","FIRST281264","LAST281264"
"CUST0000281889","FIRST281889","LAST281889"
"CUST0000282049","FIRST282049","LAST282049"
"CUST0000282061","FIRST282061","LAST282061"
"CUST0000282591","FIRST282591","LAST282591"
"CUST0000282858","FIRST282858","LAST282858"
"CUST0000283427","FIRST283427","LAST283427"
"CUST0000283640","FIRST283640","LAST283640"
"CUST0000284683","FIRST284683","LAST284683"
"CUST0000284787","FIRST284787","LAST284787"
"CUST0000285090","FIRST285090","LAST285090"
"CUST0000285413","FIRST285413","LAST285413"
"CUST0000285611","FIRST285611","LAST285611"
"CUST0000285662","FIRST285662","LAST285662"
"CUST0000286383","FIRST286383","LAST286383"
"CUST0000287560","FIRST287560","LAST287560"
"CUST0000288620","FIRST288620","LAST288620"
"CUST0000288720","FIRST288720","LAST288720"
"CUST0000290395","FIRST290395","LAST290395"
"CUST0000291006","FIRST291006","LAST291006"
"CUST0000293588","FIRST293588","LAST293588"
"CUST0000293853","FIRST293853","LAST293853"
"CUST0000293926","FIRST293926","LAST293926"
"CUST0000294313","FIRST294313","LAST294313"
"CUST0000294447","FIRST294447","LAST294447"
"CUST0000294884","FIRST294884","LAST294884"
"CUST0000295169","FIRST295169","LAST295169"
"CUST0000295665","FIRST295665","LAST295665"
"CUST0000296029","FIRST296029","LAST296029"
"CUST0000298318","FIRST298318","LAST298318"
"CUST0000299489","FIRST299489","LAST299489"
"CUST0000299919","FIRST299919","LAST299919"
"CUST0000300010","FIRST300010","LAST300010"
"CUST0000300048","FIRST300048","LAST300048"
"CUST0000301092","FIRST301092","LAST301092"
"CUST0000301445","FIRST301445","LAST301445"
"CUST0000301498","FIRST301498","LAST301498"
"CUST0000301526","FIRST301526","LAST301526"
"CUST0000302070","FIRST302070","LAST302070"
"CUST0000302182","FIRST302182","LAST302182"
"CUST0000302290","FIRST302290","LAST302290"
"CUST0000302919","FIRST302919","LAST302919"
"CUST0000304123","FIRST304123","LAST304123"
"CUST0000304624","FIRST304624","LAST304624"
"CUST0000304863","FIRST304863","LAST304863"
"CUST0000305426","FIRST305426","LAST305426"
"CUST0000305802","FIRST305802","LAST305802"
"CUST0000305806","FIRST305806","LAST305806"
"CUST0000305894","FIRST305894","LAST305894"
"CUST0000307232","FIRST307232","LAST307232"
"CUST0000307498","FIRST307498","LAST307498"
"CUST0000307749","FIRST307749","LAST307749"
"CUST0000308334","FIRST308334","LAST308334"
"CUST0000308602","FIRST308602","LAST308602"
"CUST0000309450","FIRST309450","LAST309450"
"CUST0000309565","FIRST309565","LAST309565"
"CUST0000309969","FIRST309969","LAST309969"
"CUST0000310170","FIRST310170","LAST310170"
"CUST0000310303","FIRST310303","LAST310303"
"CUST0000310523","FIRST310523","LAST310523"
"CUST0000310566","FIRST310566","LAST310566"
"CUST0000310755","FIRST310755","LAST310755"
"CUST0000311052","FIRST311052","LAST311052"
"CUST0000311081","FIRST311081","LAST311081"
"CUST0000311265","FIRST311265","LAST311265"
"CUST0000311993","FIRST311993","LAST311993"
"CUST0000312429","FIRST312429","LAST312429"
"CUST0000312916","FIRST312916","LAST312916"
"CUST0000313829","FIRST313829","LAST313829"
"CUST0000314482","FIRST314482","LAST314482"
"CUST0000315469","FIRST315469","LAST315469"
"CUST0000315885","FIRST315885","LAST315885"
"CUST0000316276","FIRST316276","LAST316276"
"CUST0000316433","FIRST316433","LAST316433"
"CUST0000316454","FIRST316454","LAST316454"
"CUST0000316555","FIRST316555","LAST316555"
"CUST0000317020","FIRST317020","LAST317020"
"CUST0000317923","FIRST317923","LAST317923"
"CUST0000317966","FIRST317966","LAST317966"
"CUST0000318939","FIRST318939","LAST318939"
"CUST0000319380","FIRST319380","LAST319380"
"CUST0000319565","FIRST319565","LAST319565"
"CUST0000319977","FIRST319977","LAST319977"
"CUST0000320728","FIRST320728","LAST320728"
"CUST0000320930","FIRST320930","LAST320930"
"CUST0000322089","FIRST322089","LAST322089"
"CUST0000322126","FIRST322126","LAST322126"
"CUST0000323111","FIRST323111","LAST323111"
"CUST0000324597","FIRST324597","LAST324597"
"CUST0000325987","FIRST325987","LAST325987"
"CUST0000326412","FIRST326412","LAST326412"
"CUST0000326569","FIRST326569","LAST326569"
"CUST0000326656","FIRST326656","LAST326656"
"CUST0000327472","FIRST327472","LAST327472"
"CUST0000328023","FIRST328023","LAST328023"
"CUST0000328304","FIRST328304","LAST328304"
"CUST0000328612","FIRST328612","LAST328612"
"CUST0000329497","FIRST329497","LAST329497"
"CUST0000329626","FIRST329626","LAST329626"
"CUST0000330131","FIRST330131","LAST330131"
"CUST0000330280","FIRST330280","LAST330280"
"CUST0000330361","FIRST330361","LAST330361"
"CUST0000330790","FIRST330790","LAST330790"
"CUST0000331539","FIRST331539","LAST331539"
"CUST0000332145","FIRST332145","LAST332145"
"CUST0000332656","FIRST332656","LAST332656"
"CUST0000333114","FIRST333114","LAST333114"
"CUST0000333641","FIRST333641","LAST333641"
"CUST0000334219","FIRST334219","LAST334219"
"CUST0000335424","FIRST335424","LAST335424"
"CUST0000335691","FIRST335691","LAST335691"
"CUST0000335888","FIRST335888","LAST335888"
"CUST0000336069","FIRST336069","LAST336069"
"CUST0000336658","FIRST336658","LAST336658"
"CUST0000337224","FIRST337224","LAST337224"
"CUST0000337285","FIRST337285","LAST337285"
"CUST0000338258","FIRST338258","LAST338258"
"CUST0000338394","FIRST338394","LAST338394"
"CUST0000338778","FIRST338778","LAST338778"
"CUST0000339124","FIRST339124","LAST339124"
"CUST0000339590","FIRST339590","LAST339590"
"CUST0000341540","FIRST341540","LAST341540"
"CUST0000341822","FIRST341822","LAST341822"
"CUST0000342357","FIRST342357","LAST342357"
"CUST0000342642","FIRST342642","LAST342642"
"CUST0000343061","FIRST343061","LAST343061"
"CUST0000343919","FIRST343919","LAST343919"
"CUST0000345570","FIRST345570","LAST345570"
"CUST0000346806","FIRST346806","LAST346806"
"CUST0000347648","FIRST347648","LAST347648"
"CUST0000348152","FIRST348152","LAST348152"
"CUST0000349272","FIRST349272","LAST349272"
"CUST0000349345","FIRST349345","LAST349345"
"CUST0000349692","FIRST349692","LAST349692"
"CUST0000349826","FIRST349826","LAST349826"
"CUST0000350408","FIRST350408","LAST350408"
"CUST0000350500","FIRST350500","LAST350500"
"CUST0000350516","FIRST350516","LAST350516"
"CUST0000350738","FIRST350738","LAST350738"
"CUST0000351942","FIRST351942","LAST351942"
"CUST0000352374","FIRST352374","LAST352374"
"CUST0000353087","FIRST353087","LAST353087"
"CUST0000353541","FIRST353541","LAST353541"
"CUST0000354099","FIRST354099","LAST354099"
"CUST0000354201","FIRST354201","LAST354201"
"CUST0000354289","FIRST354289","LAST354289"
"CUST0000356179","FIRST356179","LAST356179"
"CUST0000357330","FIRST357330","LAST357330"
"CUST0000358108","FIRST358108","LAST358108"
"CUST0000358760","FIRST358760","LAST358760"
"CUST0000358801","FIRST358801","LAST358801"
"CUST0000359006","FIRST359006","LAST359006"
"CUST0000359114","FIRST359114","LAST359114"
"CUST0000359667","FIRST359667","LAST359667"
"CUST0000359732","FIRST359732","LAST359732"
"CUST0000360347","FIRST360347","LAST360347"
"CUST0000360782","FIRST360782","LAST360782"
"CUST0000360943","FIRST360943","LAST360943"
"CUST0000361132","FIRST361132","LAST361132"
"CUST0000361259","FIRST361259","LAST361259"
"CUST0000362176","FIRST362176","LAST362176"
"CUST0000362413","FIRST362413","LAST362413"
"CUST0000362559","FIRST362559","LAST362559"
"CUST0000362762","FIRST362762","LAST362762"
"CUST0000363790","FIRST363790","LAST363790"
"CUST0000363899","FIRST363899","LAST363899"
"CUST0000364546","FIRST364546","LAST364546"
"CUST0000364926","FIRST364926","LAST364926"
"CUST0000365261","FIRST365261","LAST365261"
"CUST0000365318","FIRST365318","LAST365318"
"CUST0000365811","FIRST365811","LAST365811"
"CUST0000366728","FIRST366728","LAST366728"
"CUST0000366820","FIRST366820","LAST366820"
"CUST0000367895","FIRST367895","LAST367895"
"CUST0000368071","FIRST368071","LAST368071"
"CUST0000368539","FIRST368539","LAST368539"
"CUST0000368643","FIRST368643","LAST368643"
"CUST0000369075","FIRST369075","LAST369075"
"CUST0000370365","FIRST370365","LAST370365"
"CUST0000371468","FIRST371468","LAST371468"
"CUST0000371797","FIRST371797","LAST371797"
"CUST0000371865","FIRST371865","LAST371865"
"CUST0000372026","FIRST372026","LAST372026"
"CUST0000372220","FIRST372220","LAST372220"
"CUST0000372281","FIRST372281","LAST372281"
"CUST0000373219","FIRST373219","LAST373219"
"CUST0000373518","FIRST373518","LAST373518"
"CUST0000373525","FIRST373525","LAST373525"
"CUST0000373603","FIRST373603","LAST373603"
"CUST0000373862","FIRST373862","LAST373862"
"CUST0000374555","FIRST374555","LAST374555"
"CUST0000374914","FIRST374914","LAST374914"
"CUST0000375097","FIRST375097","LAST375097"
"CUST0000376301","FIRST376301","LAST376301"
"CUST0000377169","FIRST377169","LAST377169"
"CUST0000377844","FIRST377844","LAST377844"
"CUST0000377933","FIRST377933","LAST377933"
"CUST0000378161","FIRST378161","LAST378161"
"CUST0000379224","FIRST379224","LAST379224"
"CUST0000380124","FIRST380124","LAST380124"
"CUST0000380716","FIRST380716","LAST380716"
"CUST0000381174","FIRST381174","LAST381174"
"CUST0000381722","FIRST381722","LAST381722"
"CUST0000381882","FIRST381882","LAST381882"
"CUST0000382823","FIRST382823","LAST382823"
"CUST0000383676","FIRST383676","LAST383676"
"CUST0000384150","FIRST384150","LAST384150"
"CUST0000384454","FIRST384454","LAST384454"
"CUST0000384620","FIRST384620","LAST384620"
"CUST0000384853","FIRST384853","LAST384853"
"CUST0000385237","FIRST385237","LAST385237"
"CUST0000385553","FIRST385553","LAST385553"
"CUST0000385802","FIRST385802","LAST385802"
"CUST0000386336","FIRST386336","LAST386336"
"CUST0000387850","FIRST387850","LAST387850"
"CUST0000389211","FIRST389211","LAST389211"
"CUST0000389676","FIRST389676","LAST389676"
"CUST0000390760","FIRST390760","LAST390760"
"CUST0000390814","FIRST390814","LAST390814"
"CUST0000390872","FIRST390872","LAST390872"
"CUST0000391078","FIRST391078","LAST391078"
"CUST0000391358","FIRST391358","LAST391358"
"CUST0000392121","FIRST392121","LAST392121"
"CUST0000392364","FIRST392364","LAST392364"
"CUST0000392536","FIRST392536","LAST392536"
"CUST0000392822","FIRST392822","LAST392822"
"CUST0000393929","FIRST393929","LAST393929"
"CUST0000394002","FIRST394002","LAST394002"
"CUST0000394018","FIRST394018","LAST394018"
"CUST0000394064","FIRST394064","LAST394064"
"CUST0000394072","FIRST394072","LAST394072"
"CUST0000395297","FIRST395297","LAST395297"
"CUST0000396670","FIRST396670","LAST396670"
"CUST0000398222","FIRST398222","LAST398222"
"CUST0000398330","FIRST398330","LAST398330"
"CUST0000398660","FIRST398660","LAST398660"
"CUST0000398796","FIRST398796","LAST398796"
"CUST0000398884","FIRST398884","LAST398884"
"CUST0000399141","FIRST399141","LAST399141"
"CUST0000399675","FIRST399675","LAST399675"
"CUST0000400415","FIRST400415","LAST400415"
"CUST0000402317","FIRST402317","LAST402317"
"CUST0000402445","FIRST402445","LAST402445"
"CUST0000402647","FIRST402647","LAST402647"
"CUST0000403747","FIRST403747","LAST403747"
"CUST0000403890","FIRST403890","LAST403890"
"CUST0000404140","FIRST404140","LAST404140"
"CUST0000404804","FIRST404804","LAST404804"
"CUST0000404827","FIRST404827","LAST404827"
"CUST0000405093","FIRST405093","LAST405093"
"CUST0000407312","FIRST407312","LAST407312"
"CUST0000408146","FIRST408146","LAST408146"
"CUST0000408331","FIRST408331","LAST408331"
"CUST0000409393","FIRST409393","LAST409393"
"CUST0000409594","FIRST409594","LAST409594"
"CUST0000409789","FIRST409789","LAST409789"
"CUST0000410478","FIRST410478","LAST410478"
"CUST0000410943","FIRST410943","LAST410943"
"CUST0000411356","FIRST411356","LAST411356"
"CUST0000412182","FIRST412182","LAST412182"
"CUST0000412508","FIRST412508","LAST412508"
"CUST0000412643","FIRST412643","LAST412643"
"CUST0000412706","FIRST412706","LAST412706"
"CUST0000412790","FIRST412790","LAST412790"
"CUST0000412901","FIRST412901","LAST412901"
"CUST0000413180","FIRST413180","LAST413180"
"CUST0000414295","FIRST414295","LAST414295"
"CUST0000414585","FIRST414585","LAST414585"
"CUST0000414987","FIRST414987","LAST414987"
"CUST0000415300","FIRST415300","LAST415300"
"CUST0000415379","FIRST415379","LAST415379"
"CUST0000415758","FIRST415758","LAST415758"
"CUST0000416739","FIRST416739","LAST416739"
"CUST0000416917","FIRST416917","LAST416917"
"CUST0000417782","FIRST417782","LAST417782"
"CUST0000418514","FIRST418514","LAST418514"
"CUST0000418934","FIRST418934","LAST418934"
"CUST0000419494","FIRST419494","LAST419494"
"CUST0000419867","FIRST419867","LAST419867"
"CUST0000420455","FIRST420455","LAST420455"
"CUST0000421919","FIRST421919","LAST421919"
"CUST0000422554","FIRST422554","LAST422554"
"CUST0000423294","FIRST423294","LAST423294"
"CUST0000423684","FIRST423684","LAST423684"
"CUST0000424681","FIRST424681","LAST424681"
"CUST0000425577","FIRST425577","LAST425577"
"CUST0000425869","FIRST425869","LAST425869"
"CUST0000425918","FIRST425918","LAST425918"
"CUST0000425963","FIRST425963","LAST425963"
"CUST0000426370","FIRST426370","LAST426370"
"CUST0000426443","FIRST426443","LAST426443"
"CUST0000426608","FIRST426608","LAST426608"
"CUST0000426803","FIRST426803","LAST426803"
"CUST0000428376","FIRST428376","LAST428376"
"CUST0000429132","FIRST429132","LAST429132"
"CUST0000429565","FIRST429565","LAST429565"
"CUST0000430012","FIRST430012","LAST430012"
"CUST0000430445","FIRST430445","LAST430445"
"CUST0000430637","FIRST430637","LAST430637"
"CUST0000430827","FIRST430827","LAST430827"
"CUST0000431293","FIRST431293","LAST431293"
"CUST0000431885","FIRST431885","LAST431885"
"CUST0000432386","FIRST432386","LAST432386"
"CUST0000433532","FIRST433532","LAST433532"
"CUST0000434475","FIRST434475","LAST434475"
"CUST0000436067","FIRST436067","LAST436067"
"CUST0000437427","FIRST437427","LAST437427"
"CUST0000437516","FIRST437516","LAST437516"
"CUST0000437760","FIRST437760","LAST437760"
"CUST0000437959","FIRST437959","LAST437959"
"CUST0000438211","FIRST438211","LAST438211"
"CUST0000438264","FIRST438264","LAST438264"
"CUST0000438296","FIRST438296","LAST438296"
"CUST0000438558","FIRST438558","LAST438558"
"CUST0000439230","FIRST439230","LAST439230"
"CUST0000440222","FIRST440222","LAST440222"
"CUST0000440473","FIRST440473","LAST440473"
"CUST0000440537","FIRST440537","LAST440537"
"CUST0000440602","FIRST440602","LAST440602"
"CUST0000441107","FIRST441107","LAST441107"
"CUST0000441859","FIRST441859","LAST441859"
"CUST0000441947","FIRST441947","LAST441947"
"CUST0000441961","FIRST441961","LAST441961"
"CUST0000442041","FIRST442041","LAST442041"
"CUST0000442713","FIRST442713","LAST442713"
"CUST0000443393","FIRST443393","LAST443393"
"CUST0000443504","FIRST443504","LAST443504"
"CUST0000443547","FIRST443547","LAST443547"
"CUST0000443880","FIRST443880","LAST443880"
"CUST0000444304","FIRST444304","LAST444304"
"CUST0000444485","FIRST444485","LAST444485"
"CUST0000445037","FIRST445037","LAST445037"
"CUST0000445271","FIRST445271","LAST445271"
"CUST0000445650","FIRST445650","LAST445650"
"CUST0000446285","FIRST446285","LAST446285"
"CUST0000446604","FIRST446604","LAST446604"
"CUST0000446882","FIRST446882","LAST446882"
"CUST0000448406","FIRST448406","LAST448406"
"CUST0000448559","FIRST448559","LAST448559"
"CUST0000448674","FIRST448674","LAST448674"
"CUST0000450216","FIRST450216","LAST450216"
"CUST0000450403","FIRST450403","LAST450403"
"CUST0000451776","FIRST451776","LAST451776"
"CUST0000452042","FIRST452042","LAST452042"
"CUST0000452651","FIRST452651","LAST452651"
"CUST0000453716","FIRST453716","LAST453716"
"CUST0000454404","FIRST454404","LAST454404"
"CUST0000454657","FIRST454657","LAST454657"
"CUST0000454766","FIRST454766","LAST454766"
"CUST0000456083","FIRST456083","LAST456083"
"CUST0000456710","FIRST456710","LAST456710"
"CUST0000456805","FIRST456805","LAST456805"
"CUST0000456818","FIRST456818","LAST456818"
"CUST0000456997","FIRST456997","LAST456997"
"CUST0000457302","FIRST457302","LAST457302"
"CUST0000457830","FIRST457830","LAST457830"
"CUST0000459520","FIRST459520","LAST459520"
"CUST0000459786","FIRST459786","LAST459786"
"CUST0000459825","FIRST459825","LAST459825"
"CUST0000460194","FIRST460194","LAST460194"
"CUST0000460665","FIRST460665","LAST460665"
"CUST0000461005","FIRST461005","LAST461005"
"CUST0000461899","FIRST461899","LAST461899"
"CUST0000462624","FIRST462624","LAST462624"
"CUST0000462667","FIRST462667","LAST462667"
"CUST0000463308","FIRST463308","LAST463308"
"CUST0000464659","FIRST464659","LAST464659"
"CUST0000465064","FIRST465064","LAST465064"
"CUST0000465563","FIRST465563","LAST465563"
"CUST0000465980","FIRST465980","LAST465980"
"CUST0000466042","FIRST466042","LAST466042"
"CUST0000467141","FIRST467141","LAST467141"
"CUST0000467234","FIRST467234","LAST467234"
"CUST0000467585","FIRST467585","LAST467585"
"CUST0000468892","FIRST468892","LAST468892"
"CUST0000468975","FIRST468975","LAST468975"
"CUST0000469588","FIRST469588","LAST469588"
"CUST0000470233","FIRST470233","LAST470233"
"CUST0000470360","FIRST470360","LAST470360"
"CUST0000470551","FIRST470551","LAST470551"
"CUST0000470672","FIRST470672","LAST470672"
"CUST0000471271","FIRST471271","LAST471271"
"CUST0000471775","FIRST471775","LAST471775"
"CUST0000472324","FIRST472324","LAST472324"
"CUST0000472326","FIRST472326","LAST472326"
"CUST0000472624","FIRST472624","LAST472624"
"CUST0000473057","FIRST473057","LAST473057"
"CUST0000474055","FIRST474055","LAST474055"
"CUST0000474161","FIRST474161","LAST474161"
"CUST0000474707","FIRST474707","LAST474707"
"CUST0000475376","FIRST475376","LAST475376"
"CUST0000475963","FIRST475963","LAST475963"
"CUST0000476602","FIRST476602","LAST476602"
"CUST0000476742","FIRST476742","LAST476742"
"CUST0000476933","FIRST476933","LAST476933"
"CUST0000477203","FIRST477203","LAST477203"
"CUST0000477475","FIRST477475","LAST477475"
"CUST0000477555","FIRST477555","LAST477555"
"CUST0000477785","FIRST477785","LAST477785"
"CUST0000478039","FIRST478039","LAST478039"
"CUST0000479186","FIRST479186","LAST479186"
"CUST0000479699","FIRST479699","LAST479699"
"CUST0000480186","FIRST480186","LAST480186"
"CUST0000480193","FIRST480193","LAST480193"
"CUST0000480611","FIRST480611","LAST480611"
"CUST0000480631","FIRST480631","LAST480631"
"CUST0000480879","FIRST480879","LAST480879"
"CUST0000481192","FIRST481192","LAST481192"
"CUST0000481317","FIRST481317","LAST481317"
"CUST0000481381","FIRST481381","LAST481381"
"CUST0000481878","FIRST481878","LAST481878"
"CUST0000482596","FIRST482596","LAST482596"
"CUST0000483016","FIRST483016","LAST483016"
"CUST0000483033","FIRST483033","LAST483033"
"CUST0000483473","FIRST483473","LAST483473"
"CUST0000483636","FIRST483636","LAST483636"
"CUST0000484771","FIRST484771","LAST484771"
"CUST0000484789","FIRST484789","LAST484789"
"CUST0000485064","FIRST485064","LAST485064"
"CUST0000485388","FIRST485388","LAST485388"
"CUST0000485652","FIRST485652","LAST485652"
"CUST0000486642","FIRST486642","LAST486642"
"CUST0000486914","FIRST486914","LAST486914"
"CUST0000487982","FIRST487982","LAST487982"
"CUST0000488898","FIRST488898","LAST488898"
"CUST0000488925","FIRST488925","LAST488925"
"CUST0000489148","FIRST489148","LAST489148"
"CUST0000490012","FIRST490012","LAST490012"
"CUST0000491241","FIRST491241","LAST491241"
"CUST0000491842","FIRST491842","LAST491842"
"CUST0000492223","FIRST492223","LAST492223"
"CUST0000492483","FIRST492483","LAST492483"
"CUST0000492834","FIRST492834","LAST492834"
"CUST0000493387","FIRST493387","LAST493387"
"CUST0000494696","FIRST494696","LAST494696"
"CUST0000495540","FIRST495540","LAST495540"
"CUST0000495737","FIRST495737","LAST495737"
"CUST0000497112","FIRST497112","LAST497112"
"CUST0000497402","FIRST497402","LAST497402"
"CUST0000497540","FIRST497540","LAST497540"
"CUST0000498498","FIRST498498","LAST498498"
"CUST0000499003","FIRST499003","LAST499003"
"CUST0000499042","FIRST499042","LAST499042"
"CUST0000499410","FIRST499410","LAST499410"
